lag,acf
0,1.0
1,0.4625066933159837
2,0.027532871095276055
3,-0.16700191770000608
4,-0.2553469736707701
5,-0.025524840910119157
6,0.06729299796003044
7,-0.025171002718641197
8,-0.2886918467011097
9,-0.18524547362028201
10,-0.00020048184001615946
11,0.38343079839050126
12,0.8413270607643845
13,0.3902496334796751
14,-0.009059393203578505
15,-0.19014208235655955
16,-0.25565362970112565
17,-0.05406125782606691
18,0.03465158431536624
19,-0.047937596774605566
20,-0.28511522776553916
21,-0.17827861598280445
22,-0.0173111893992565
23,0.30095361963313766
24,0.6895043633220613
25,0.3087271827754524
26,-0.031504930165589175
27,-0.18835482082427793
28,-0.23818868921199815
29,-0.06201120685351517
30,0.028723267861408497
31,-0.028184614895193038
32,-0.24973220939914162
33,-0.16218668881280074
34,-0.02716818749674477
35,0.22822648101296703
36,0.5109338710032614
