year,count,mean,std,min,max
1964,12,3478.1666666666665,1555.2947591626444,2212.0,7312.0
1965,12,3864.1666666666665,1900.8837577837471,1759.0,8357.0
1966,12,4337.666666666667,2119.8891194559865,1573.0,9254.0
1967,12,5016.0,2380.6160012598725,1643.0,10651.0
1968,12,5370.583333333333,2723.36708233604,1723.0,11331.0
1969,12,5713.416666666667,3382.1627953489206,1821.0,13916.0
1970,12,5006.583333333333,3324.2239957984816,1738.0,13076.0
1971,12,5640.583333333333,2995.5727471275563,1659.0,12670.0
1972,9,4310.555555555556,1265.150199690842,1413.0,5877.0
