month,month_name,raw_coefficient,normalized_coefficient
1,Janvier,0.7583986469758651,0.762657373779546
2,Février,0.6788831445744625,0.6826953584489137
3,Mars,0.7951779102680165,0.7996431680762377
4,Avril,0.8156157525168917,0.8201957773898244
5,Mai,0.8567457498126438,0.8615567368881296
6,Juin,0.8695040062323909,0.8743866362740128
7,Juillet,0.7372052954996886,0.7413450127371587
8,Août,0.3608919067259199,0.36291846629658076
9,Septembre,0.929781111878144,0.9350022231742955
10,Octobre,1.1934118780375547,1.2001133867666327
11,Novembre,1.7516705679984108,1.761506933647137
12,Décembre,2.1857052737776863,2.1979789265215315
