Month,observed,trend,seasonal,cvs,residual
1964-01-01,2815.0,3632.466856239576,0.762657373779546,3691.041477838913,1.0161253010467866
1964-02-01,2672.0,3656.5456487753604,0.6826953584489137,3913.898002867331,1.070381277525733
1964-03-01,2755.0,3680.6244413111444,0.7996431680762377,3445.286735367117,0.936060386030531
1964-04-01,2721.0,3704.703233846929,0.8201957773898244,3317.500619985218,0.8954835004531135
1964-05-01,2946.0,3728.782026382713,0.8615567368881296,3419.39175200545,0.9170264520188641
1964-06-01,3036.0,3752.8608189184974,0.8743866362740128,3472.148216877124,0.9252003696416673
1964-07-01,2282.0,3776.9396114542815,0.7413450127371587,3078.1889144630627,0.8149955337193835
1964-08-01,2212.0,3801.018403990066,0.36291846629658076,6095.032921781199,1.6035262853194878
1964-09-01,2922.0,3825.09719652585,0.9350022231742955,3125.12625914399,0.8170057121639654
1964-10-01,4301.0,3849.1759890616345,1.2001133867666327,3583.828034439173,0.9310636989899884
1964-11-01,5764.0,3873.2547815974185,1.761506933647137,3272.1983035660523,0.8448187604680432
1964-12-01,7312.0,3897.333574133203,2.1979789265215315,3326.6924954425267,0.8535816686367188
1965-01-01,2541.0,3921.412366668987,0.762657373779546,3331.7713659640067,0.8496355533233945
1965-02-01,2475.0,3945.4911592047715,0.6826953584489137,3625.3359120870673,0.9188554138891462
1965-03-01,3031.0,3969.5699517405556,0.7996431680762377,3790.4406878031696,0.9548743903961581
1965-04-01,3266.0,3993.64874427634,0.8201957773898244,3981.9761208642853,0.9970772032896524
1965-05-01,3776.0,4017.727536812124,0.8615567368881296,4382.764173649891,1.090856493750048
1965-06-01,3230.0,4041.8063293479086,0.8743866362740128,3694.0180304720393,0.9139522603172378
1965-07-01,3028.0,4065.8851218836926,0.7413450127371587,4084.468024975528,1.0045704446964863
1965-08-01,1759.0,4089.963914419477,0.36291846629658076,4846.818675141559,1.1850516964352016
1965-09-01,3595.0,4114.042706955262,0.9350022231742955,3844.9106439502543,0.9345820930468203
1965-10-01,4474.0,4138.121499491045,1.2001133867666327,3727.981080232704,0.9008872940756367
1965-11-01,6838.0,4162.20029202683,1.761506933647137,3881.9035391715242,0.9326565919011043
1965-12-01,8357.0,4186.279084562614,2.1979789265215315,3802.12926482675,0.9082359747221679
1966-01-01,3113.0,4210.357877098399,0.762657373779546,4081.780504622571,0.9694616523751568
1966-02-01,3006.0,4234.436669634182,0.6826953584489137,4403.135253225747,1.039839675676656
1966-03-01,4047.0,4258.515462169967,0.7996431680762377,5061.00741126342,1.1884440613688734
1966-04-01,3523.0,4282.594254705751,0.8201957773898244,4295.315944214598,1.0029705568055785
1966-05-01,3937.0,4306.673047241536,0.8615567368881296,4569.63520965562,1.0610592351751695
1966-06-01,3986.0,4330.751839777319,0.8743866362740128,4558.62410819243,1.052617253734591
1966-07-01,3260.0,4354.830632313104,0.7413450127371587,4397.412734947233,1.0097781305932239
1966-08-01,1573.0,4378.909424848888,0.36291846629658076,4334.306865263031,0.9898142310656731
1966-09-01,3528.0,4402.988217384673,0.9350022231742955,3773.253060321696,0.8569755070938998
1966-10-01,5211.0,4427.067009920456,1.2001133867666327,4342.089720405145,0.9808050591226903
1966-11-01,7614.0,4451.145802456241,1.761506933647137,4322.435441247731,0.9710837687820775
1966-12-01,9254.0,4475.224594992025,2.1979789265215315,4210.231448690529,0.9407866263074179
1967-01-01,5375.0,4499.30338752781,0.762657373779546,7047.725734772348,1.5664037580370405
1967-02-01,3088.0,4523.382180063593,0.6826953584489137,4523.247392535299,0.9999702020472891
1967-03-01,3718.0,4547.460972599378,0.7996431680762377,4649.573895497257,1.022454931117201
1967-04-01,4514.0,4571.539765135162,0.8201957773898244,5503.564056822224,1.2038753548192107
1967-05-01,4520.0,4595.618557670947,0.8615567368881296,5246.317284135993,1.141591108639534
1967-06-01,4539.0,4619.69735020673,0.8743866362740128,5191.067442821234,1.1236812824088867
1967-07-01,3663.0,4643.776142742515,0.7413450127371587,4941.019278561876,1.0640089286568872
1967-08-01,1643.0,4667.854935278299,0.36291846629658076,4527.187653926993,0.9698646844639102
1967-09-01,4739.0,4691.933727814083,0.9350022231742955,5068.437146503548,1.0802448287914914
1967-10-01,5428.0,4716.012520349867,1.2001133867666327,4522.905968597031,0.9590530027391635
1967-11-01,8314.0,4740.091312885652,1.761506933647137,4719.822466316475,0.9957239544069376
1967-12-01,10651.0,4764.170105421436,2.1979789265215315,4845.815340393648,1.0171373467289302
1968-01-01,3633.0,4788.248897957221,0.762657373779546,4763.606994312175,0.994853671108125
1968-02-01,4292.0,4812.327690493004,0.6826953584489137,6286.845145324321,1.3064042080393443
1968-03-01,4154.0,4836.406483028789,0.7996431680762377,5194.817095722325,1.0741068009794499
1968-04-01,4121.0,4860.485275564573,0.8201957773898244,5024.4101635277775,1.0337260332393792
1968-05-01,4647.0,4884.564068100357,0.8615567368881296,5393.724871544238,1.1042387399049711
1968-06-01,4753.0,4908.642860636141,0.8743866362740128,5435.810433075419,1.1073957888985546
1968-07-01,3965.0,4932.721653171926,0.7413450127371587,5348.386961369871,1.0842669295825067
1968-08-01,1723.0,4956.80044570771,0.36291846629658076,4747.622840971521,0.9577998737235177
1968-09-01,5048.0,4980.879238243495,0.9350022231742955,5398.917644133765,1.0839286370728576
1968-10-01,6922.0,5004.9580307792785,1.2001133867666327,5767.788340941166,1.1524149264530623
1968-11-01,9858.0,5029.036823315063,1.761506933647137,5596.3447044681025,1.1128064679349632
1968-12-01,11331.0,5053.1156158508475,2.1979789265215315,5155.190463055152,1.0202003783337377
1969-01-01,4016.0,5077.194408386631,0.762657373779546,5265.798428064325,1.037147291300517
1969-02-01,3957.0,5101.2732009224155,0.6826953584489137,5796.143112779202,1.136214996626948
1969-03-01,4510.0,5125.3519934582,0.7996431680762377,5640.015672052885,1.1004152845017439
1969-04-01,4276.0,5149.4307859939845,0.8201957773898244,5213.389434419989,1.0124205278377498
1969-05-01,4968.0,5173.509578529769,0.8615567368881296,5766.306253891064,1.1145830825985943
1969-06-01,4677.0,5197.588371065553,0.8743866362740128,5348.892361770194,1.0291104219693377
1969-07-01,3523.0,5221.667163601337,0.7413450127371587,4752.173332889294,0.9100873694162773
1969-08-01,1821.0,5245.7459561371215,0.36291846629658076,5017.655945101068,0.9565190512572943
1969-09-01,5222.0,5269.824748672905,0.9350022231742955,5585.013458333305,1.0598100932559043
1969-10-01,6872.0,5293.90354120869,1.2001133867666327,5726.125610943035,1.0816452484201595
1969-11-01,10803.0,5317.982333744474,1.761506933647137,6132.817188310906,1.1532225576222803
1969-12-01,13916.0,5342.061126280259,2.1979789265215315,6331.270892584546,1.1851738014448903
1970-01-01,2639.0,5366.139918816043,0.762657373779546,3460.2694351747396,0.6448339938065192
1970-02-01,2899.0,5390.218711351827,0.6826953584489137,4246.40355924865,0.7877980072136411
1970-03-01,3370.0,5414.297503887611,0.7996431680762377,4214.3797815561475,0.778379795075928
1970-04-01,3740.0,5438.376296423396,0.8201957773898244,4559.886923463695,0.8384647686962287
1970-05-01,2927.0,5462.455088959179,0.8615567368881296,3397.3386483774448,0.6219435387659684
1970-06-01,3986.0,5486.533881494964,0.8743866362740128,4558.62410819243,0.8308750491030051
1970-07-01,4217.0,5510.612674030748,0.7413450127371587,5688.309663580515,1.0322463217905298
1970-08-01,1738.0,5534.691466566533,0.36291846629658076,4788.954438542371,0.8652613189860819
1970-09-01,5221.0,5558.770259102317,0.9350022231742955,5583.9439421597435,1.004528642466597
1970-10-01,6424.0,5582.849051638101,1.2001133867666327,5352.827550159787,0.9587985454468232
1970-11-01,9842.0,5606.927844173885,1.761506933647137,5587.261572466531,0.9964925049414023
1970-12-01,13076.0,5631.00663670967,2.1979789265215315,5949.101623414454,1.056489897318014
1971-01-01,3934.0,5655.085429245453,0.762657373779546,5158.279635459427,0.9121488437262538
1971-02-01,3162.0,5679.164221781238,0.6826953584489137,4631.641274351236,0.8155498051258231
1971-03-01,4286.0,5703.243014317022,0.7996431680762377,5359.890725148263,0.9397970087708288
1971-04-01,4676.0,5727.321806852806,0.8201957773898244,5701.077875432149,0.9954177655271168
1971-05-01,5010.0,5751.400599388591,0.8615567368881296,5815.055219805602,1.0110676728767212
1971-06-01,4874.0,5775.479391924375,0.8743866362740128,5574.193151863999,0.965148132925238
1971-07-01,4633.0,5799.558184460159,0.7413450127371587,6249.451902150469,1.07757379155119
1971-08-01,1659.0,5823.636976995944,0.36291846629658076,4571.274691335899,0.7849518624517592
1971-09-01,5951.0,5847.715769531727,0.9350022231742955,6364.69074885896,1.0884063110626583
1971-10-01,6981.0,5871.794562067512,1.2001133867666327,5816.950362338959,0.9906597209509249
1971-11-01,9851.0,5895.873354603296,1.761506933647137,5592.370834217415,0.9485228901416418
1971-12-01,12670.0,5919.95214713908,2.1979789265215315,5764.386476648908,0.9737218027065723
1972-01-01,4348.0,5944.030939674865,0.762657373779546,5701.11841763538,0.9591333684994627
1972-02-01,3564.0,5968.109732210649,0.6826953584489137,5220.483713405377,0.8747298470786756
1972-03-01,4577.0,5992.188524746433,0.7996431680762377,5723.803044564535,0.9552107749825419
1972-04-01,4788.0,6016.267317282218,0.8201957773898244,5837.630638915553,0.9703077225552269
1972-05-01,4618.0,6040.346109818001,0.8615567368881296,5360.064871269915,0.8873771094933856
1972-06-01,5312.0,6064.424902353786,0.8743866362740128,6075.115720702003,1.0017628742247378
1972-07-01,4298.0,6088.50369488957,0.7413450127371587,5797.570532148223,0.9522159832167723
1972-08-01,1413.0,6112.582487425354,0.36291846629658076,3893.4364911739754,0.6369544295203299
1972-09-01,5877.0,6136.661279961139,0.9350022231742955,6285.5465520154785,1.0242616082690623
