Month,observed,centered_moving_average,linear_trend
1964-01-01,2815.0,,3632.466856239576
1964-02-01,2672.0,,3656.5456487753604
1964-03-01,2755.0,,3680.6244413111444
1964-04-01,2721.0,,3704.703233846929
1964-05-01,2946.0,,3728.782026382713
1964-06-01,3036.0,,3752.8608189184974
1964-07-01,2282.0,3466.75,3776.9396114542815
1964-08-01,2212.0,3447.125,3801.018403990066
1964-09-01,2922.0,3450.4166666666665,3825.09719652585
1964-10-01,4301.0,3484.625,3849.1759890616345
1964-11-01,5764.0,3541.9166666666665,3873.2547815974185
1964-12-01,7312.0,3584.5833333333335,3897.333574133203
1965-01-01,2541.0,3623.75,3921.412366668987
1965-02-01,2475.0,3635.9583333333335,3945.4911592047715
1965-03-01,3031.0,3645.125,3969.5699517405556
1965-04-01,3266.0,3680.375,3993.64874427634
1965-05-01,3776.0,3732.3333333333335,4017.727536812124
1965-06-01,3230.0,3820.625,4041.8063293479086
1965-07-01,3028.0,3888.0,4065.8851218836926
1965-08-01,1759.0,3933.9583333333335,4089.963914419477
1965-09-01,3595.0,3998.4166666666665,4114.042706955262
1965-10-01,4474.0,4051.4583333333335,4138.121499491045
1965-11-01,6838.0,4068.875,4162.20029202683
1965-12-01,8357.0,4107.083333333333,4186.279084562614
1966-01-01,3113.0,4148.25,4210.357877098399
1966-02-01,3006.0,4150.166666666667,4234.436669634182
1966-03-01,4047.0,4139.625,4258.515462169967
1966-04-01,3523.0,4167.541666666667,4282.594254705751
1966-05-01,3937.0,4230.583333333333,4306.673047241536
1966-06-01,3986.0,4300.291666666667,4330.751839777319
1966-07-01,3260.0,4431.916666666667,4354.830632313104
1966-08-01,1573.0,4529.583333333333,4378.909424848888
1966-09-01,3528.0,4519.291666666667,4402.988217384673
1966-10-01,5211.0,4546.875,4427.067009920456
1966-11-01,7614.0,4612.458333333333,4451.145802456241
1966-12-01,9254.0,4659.791666666667,4475.224594992025
1967-01-01,5375.0,4699.625,4499.30338752781
1967-02-01,3088.0,4719.333333333333,4523.382180063593
1967-03-01,3718.0,4772.708333333333,4547.460972599378
1967-04-01,4514.0,4832.208333333333,4571.539765135162
1967-05-01,4520.0,4870.416666666667,4595.618557670947
1967-06-01,4539.0,4957.791666666667,4619.69735020673
1967-07-01,3663.0,4943.416666666667,4643.776142742515
1967-08-01,1643.0,4921.0,4667.854935278299
1967-09-01,4739.0,4989.333333333333,4691.933727814083
1967-10-01,5428.0,4991.125,4716.012520349867
1967-11-01,8314.0,4980.041666666667,4740.091312885652
1967-12-01,10651.0,4994.25,4764.170105421436
1968-01-01,3633.0,5015.75,4788.248897957221
1968-02-01,4292.0,5031.666666666667,4812.327690493004
1968-03-01,4154.0,5047.875,4836.406483028789
1968-04-01,4121.0,5123.0,4860.485275564573
1968-05-01,4647.0,5249.583333333333,4884.564068100357
1968-06-01,4753.0,5342.25,4908.642860636141
1968-07-01,3965.0,5386.541666666667,4932.721653171926
1968-08-01,1723.0,5388.541666666667,4956.80044570771
1968-09-01,5048.0,5389.416666666667,4980.879238243495
1968-10-01,6922.0,5410.708333333333,5004.9580307792785
1968-11-01,9858.0,5430.541666666667,5029.036823315063
1968-12-01,11331.0,5440.75,5053.1156158508475
1969-01-01,4016.0,5419.166666666667,5077.194408386631
1969-02-01,3957.0,5404.833333333333,5101.2732009224155
1969-03-01,4510.0,5416.166666666667,5125.3519934582
1969-04-01,4276.0,5421.333333333333,5149.4307859939845
1969-05-01,4968.0,5458.625,5173.509578529769
1969-06-01,4677.0,5605.708333333333,5197.588371065553
1969-07-01,3523.0,5656.041666666667,5221.667163601337
1969-08-01,1821.0,5554.583333333333,5245.7459561371215
1969-09-01,5222.0,5463.0,5269.824748672905
1969-10-01,6872.0,5393.166666666667,5293.90354120869
1969-11-01,10803.0,5285.791666666667,5317.982333744474
1969-12-01,13916.0,5171.958333333333,5342.061126280259
1970-01-01,2639.0,5172.083333333333,5366.139918816043
1970-02-01,2899.0,5197.541666666667,5390.218711351827
1970-03-01,3370.0,5194.041666666667,5414.297503887611
1970-04-01,3740.0,5175.333333333333,5438.376296423396
1970-05-01,2927.0,5116.625,5462.455088959179
1970-06-01,3986.0,5041.583333333333,5486.533881494964
1970-07-01,4217.0,5060.541666666667,5510.612674030748
1970-08-01,1738.0,5125.458333333333,5534.691466566533
1970-09-01,5221.0,5174.583333333333,5558.770259102317
1970-10-01,6424.0,5251.75,5582.849051638101
1970-11-01,9842.0,5377.541666666667,5606.927844173885
1970-12-01,13076.0,5501.333333333333,5631.00663670967
1971-01-01,3934.0,5555.666666666667,5655.085429245453
1971-02-01,3162.0,5569.708333333333,5679.164221781238
1971-03-01,4286.0,5596.833333333333,5703.243014317022
1971-04-01,4676.0,5650.458333333333,5727.321806852806
1971-05-01,5010.0,5674.041666666667,5751.400599388591
1971-06-01,4874.0,5657.5,5775.479391924375
1971-07-01,4633.0,5657.833333333333,5799.558184460159
1971-08-01,1659.0,5691.833333333333,5823.636976995944
1971-09-01,5951.0,5720.708333333333,5847.715769531727
1971-10-01,6981.0,5737.5,5871.794562067512
1971-11-01,9851.0,5725.833333333333,5895.873354603296
1971-12-01,12670.0,5727.75,5919.95214713908
1972-01-01,4348.0,5732.041666666667,5944.030939674865
1972-02-01,3564.0,5707.833333333333,5968.109732210649
1972-03-01,4577.0,5694.5,5992.188524746433
1972-04-01,4788.0,,6016.267317282218
1972-05-01,4618.0,,6040.346109818001
1972-06-01,5312.0,,6064.424902353786
1972-07-01,4298.0,,6088.50369488957
1972-08-01,1413.0,,6112.582487425354
1972-09-01,5877.0,,6136.661279961139
